{
  "rows": 1072,
  "rag_calls_ok": 1072,
  "rag_calls_failed": 0,
  "must_contain_pass": 134,
  "must_contain_scored_rows": 1071,
  "gold_source_checked": 1070,
  "gold_source_pass": 790,
  "required_sources_checked": 1,
  "required_sources_pass": 1,
  "errors_sample": [],
  "latency_scored_rows": 1072,
  "latency_ms_mean": 6589.7789179104475,
  "latency_ms_min": 1724.0,
  "latency_ms_max": 19008.0,
  "latency_ms_p50": 6453.0,
  "latency_ms_p95": 9436.249999999998,
  "latency_ms_p99": 11745.179999999997,
  "quality_scored_rows": 1072,
  "quality_correct_pass": 134,
  "quality_correct_rate": 0.125,
  "quality_faithful_pass": 791,
  "quality_faithful_rate": 0.7378731343283582,
  "quality_complete_pass": 134,
  "quality_complete_rate": 0.125,
  "quality_precise_pass": 133,
  "quality_precise_rate": 0.12406716417910447,
  "quality_cited_pass": 791,
  "quality_cited_rate": 0.7378731343283582,
  "quality_score_mean": 0.3699626865671642,
  "retrieval_scored_rows": 1070,
  "mean_rr_retrieve": 0.7166932326838776,
  "mean_rr_rerank": 0.7414537397719592,
  "mrr_retrieve": 0.7166932326838776,
  "mrr_rerank": 0.7414537397719592,
  "retrieval_found_retrieve": 1067,
  "retrieval_found_rerank": 1022,
  "mean_rr_retrieve_when_found": 0.7187083026914237,
  "mean_rr_rerank_when_found": 0.7762773987827752,
  "recall_at_5_retrieve": 0.8738317757009346,
  "recall_at_5_rerank": 0.8635514018691589,
  "precision_at_5_retrieve": 0.17476635514018693,
  "precision_at_5_rerank": 0.1727102803738318,
  "ndcg_at_5_retrieve": 0.7454293552179,
  "ndcg_at_5_rerank": 0.7657432316826623,
  "f1_at_5_retrieve": 0.2912772585669782,
  "f1_at_5_rerank": 0.2878504672897197,
  "recall_at_10_retrieve": 0.9598130841121495,
  "recall_at_10_rerank": 0.9046728971962616,
  "precision_at_10_retrieve": 0.09598130841121495,
  "precision_at_10_rerank": 0.09046728971962618,
  "ndcg_at_10_retrieve": 0.7731731813531285,
  "ndcg_at_10_rerank": 0.779340930875626,
  "f1_at_10_retrieve": 0.17451146983857263,
  "f1_at_10_rerank": 0.16448598130841122,
  "recall_at_40_retrieve": 0.9962616822429906,
  "recall_at_40_rerank": 0.9551401869158879,
  "precision_at_40_retrieve": 0.024906542056074767,
  "precision_at_40_rerank": 0.023878504672897198,
  "ndcg_at_40_retrieve": 0.7823024760846841,
  "ndcg_at_40_rerank": 0.7914953277113242,
  "f1_at_40_retrieve": 0.0485981308411215,
  "f1_at_40_rerank": 0.04659220423979942
}
